companyId,companyName,logoUrl,companyType,employee,incorporation,companyLocation,companyWebsite
0,(주)이마트,https://talliapp.com/image?num_images=10,대기업,23955.0,2011-05-03,서울 성동구,https://company.emart.com
1,서울대학교병원,https://talliapp.com/image?num_images=18,대학병원,6332.0,1978-07-15,서울 종로구 대학로 101,http://www.snuh.org
2,서울아산병원,https://talliapp.com/image?num_images=19,대학병원,8000.0,1989-06-23,서울 송파구 올림픽로43길 88 서울아산병원,https://www.amc.seoul.kr
3,(주)엘에스케이글로벌파마서비스,https://talliapp.com/image?num_images=20,임상시험수탁기관,318.0,2022-03-01,서울시 중구 퇴계로 97 고려대연각타워 16층,https://www.lskglobal.com
4,(주)씨엔알리서치,https://talliapp.com/image?num_images=21,임상시험수탁기관,469.0,1997-07-01,서울특별시 강남구 역삼로 412 씨엔알 빌딩,http://www.cnrres.com
5,(주)서울CRO,https://talliapp.com/image?num_images=22,임상시험수탁기관,80.0,2009-04-22,"서울시 강남구 봉은사로 6길 10, 4-6층, 06123",http://www.seoulcro.com
6,삼성서울병원,https://talliapp.com/image?num_images=23,대학병원,7613.0,1994-06-13,서울 강남구 일원로 81 삼성의료원,http://www.samsunghospital.com
7,(주)현대로템,https://talliapp.com/image?num_images=24,대기업,3414.0,1977-07-07,"경기 의왕시 철도박물관로 37 (삼동, 주식회사로템)",https://www.hyundai-rotem.co.kr
8,충북대학교병원,https://talliapp.com/image?num_images=25,대학병원,1500.0,1995-08-21,충북 청주시 서원구 1순환로 776,https://www.cbnuh.or.kr
9,(학)연세대학교연세의료원,https://talliapp.com/image?num_images=26,대학병원,6615.0,1885-04-10,서울 서대문구 연세로 50-1,https://yuhs.severance.healthcare
10,(주)쉐어앤서비스,https://talliapp.com/image?num_images=27,의료기기 회사,5.0,2020-04-06,부산 해운대구 반송로 513번길 66-47 테크노타워 202호,https://snsmd.com
11,(주)SUN&L,https://talliapp.com/image?num_images=30,중소기업,557.0,1959-10-17,인천광역시 중구 북성동1가 6-32,http://www.sunandl.com
13,(주)한솔섬유,https://talliapp.com/image?num_images=31,중소기업,600.0,1992-12-16,서울 송파구 가락동 98-4 한솔섬유빌딩,https://www.hansoll.com
14,의료법인 중앙의료재단 중앙병원,https://talliapp.com/image?num_images=32,종합병원,350.0,2013-03-12,제주 제주시 이호이동 22번지,http://www.jeju-jungangh.com
15,대한체육회,https://talliapp.com/image?num_images=33,공공기관,320.0,2016-04-01,"서울 송파구 올림픽로 424 (방이동, 올림픽공원) 올림픽문화센터",http://www.sports.or.kr
16,(주)아이파트너스코리아,https://talliapp.com/image?num_images=34,중소기업,23.0,2012-03-05,"서울 성동구 성수일로 77 (성수동1가, 서울숲IT밸리) 17층 1705호",http://www.ipartnerskorea.com
17,계룡건설산업(주),https://talliapp.com/image?num_images=433,중소기업,1708.0,1978-10-11,대전 서구 문정로48번길 48,https://www.krcon.co.kr
18,동원건설산업,https://talliapp.com/image?num_images=29,중소기업,860.0,2013-01-02,"경기 안양시 동안구 시민대로327번길 7 512호 (관양동,대명글로벌비즈스퀘어)",http://www.dongwonci.co.kr
19,(주)루닛,https://talliapp.com/image?num_images=36,중소기업,279.0,2013-08-23,서울 강남구 강남대로 374,https://www.lunit.io/ko
20,(주)에이아이트릭스,https://talliapp.com/image?num_images=12,의료인공지능 회사,25.0,2016-11-03,"서울 서초구 효령로77길 28, 7층",https://www.aitrics.com
21,(사)한국직업건강간호협회,https://talliapp.com/image?num_images=69,비영리법인,142.0,1994-04-11,서울 서초구 서초중앙로22길 122,http://www.kaohn.or.kr
22,대한적십자사,https://talliapp.com/image?num_images=71,공공기관,3479.0,1905-10-27,강원 원주시 혁신로 50,https://www.redcross.or.kr
23,(주)동양건설산업,https://talliapp.com/image?num_images=38,중소기업,800.0,1968-12-19,서울 강남구 도산대로 544 (청담동) 동양건설산업,http://www.dongyangex.co.kr
24,경북대학교병원,https://talliapp.com/image?num_images=80,대학병원,3171.0,1907-02-10,대구 중구 동덕로 130,http://knuh.knu.ac.kr
25,동아대학교의료원,https://talliapp.com/image?num_images=43,종합병원,1800.0,1987-02-05,부산 서구 대신공원로 26,http://www.damc.or.kr
26,충남대학교병원,https://talliapp.com/image?num_images=44,종합병원,4615.0,1995-08-21,대전 중구 문화로 282 ,http://www.cnuh.co.kr
27,(주)뷰노,https://talliapp.com/image?num_images=45,스타트업,166.0,2014-12-01,"서울 서초구 강남대로 479, 9층",http://vuno.co
28,연세대학교 의과대학 용인세브란스병원 ,https://talliapp.com/image?num_images=46,종합병원,0.0,1982-02-05,경기 용인시 기흥구 동백죽전대로 363 용인세브란스병원,https://yi.severance.healthcare/yi/index.do
29,동아제약(주),https://talliapp.com/image?num_images=48,제약회사,906.0,2013-03-04,서울 동대문구 천호대로 64 ,http://www.dapharm.com
30,지멘스(주),https://talliapp.com/image?num_images=55,대기업,537.0,1989-08-28,서울 종로구 종로3길 17,http://www.siemens.co.kr
31,주식회사 현대백화점,https://talliapp.com/image?num_images=190,대기업,3100.0,2002-11-02,서울 강남구 테헤란로 98길 12,https://www.ehyundai.com/
32,(주)하이브,https://talliapp.com/image?num_images=56,대기업,608.0,2005-02-04,서울 용산구 한강대로 42,https://hybecorp.com
33,(주)엘지헬로비전,https://talliapp.com/image?num_images=58,대기업,1060.0,1995-03-31,서울 마포구 월드컵북로56길 19,https://www.lghellovision.net
34,가톨릭대학교 여의도성모병원,https://talliapp.com/image?num_images=60,대학병원,1670.0,1935-03-11,"서울 영등포구 63로 10 (여의도동, 여의도성모병원)",https://www.cmcsungmo.or.kr
35,국립중앙의료원,https://talliapp.com/image?num_images=62,종합병원,1015.0,2010-03-26,서울 중구 을지로 245,https://www.nmc.or.kr
36,에이스아메리칸화재해상보험(주),https://talliapp.com/image?num_images=64,보험회사,290.0,1945-11-01,서울 종로구 종로1길 50,https://www.chubb.com
37,삼성전자(주),https://talliapp.com/image?num_images=67,대기업,117498.0,1969-01-13,경기 수원시 영통구 삼성로 129,https://www.samsung.com/sec
38,한국철도공사,https://talliapp.com/image?num_images=72,공공기관,27867.0,2004-12-31,대전 동구 중앙로 240,https://info.korail.com
39,국립과학수사연구원,https://talliapp.com/image?num_images=74,공공기관,75.0,1955-03-25,강원 원주시 입춘로 10 국립과학수사연구원,https://nfs.go.kr
40,서울교통공사,https://talliapp.com/image?num_images=76,공공기관,16247.0,2017-05-31,서울 성동구 천호대로 346,http://www.seoulmetro.co.kr
41,(주)하림,https://talliapp.com/image?num_images=78,대기업,2686.0,2011-01-04,전북 익산시 망성면 망성로 14,https://www.harim.com/
42,노보텍아시아코리아(주),https://talliapp.com/image?num_images=81,임상시험수탁기관,349.0,2008-01-23,서울 강남구 테헤란로87길 22,https://novotech-cro.com/kr
43,네오뉴트라(주),https://talliapp.com/image?num_images=82,임상시험수탁기관,37.0,2005-03-08,"서울 종로구 대학로 44, 4층",http://www.neonutra.com
44,(주)코어라인소프트,https://talliapp.com/image?num_images=85,의료인공지능 회사,91.0,2012-09-17,서울 마포구 월드컵북로6길 49,https://www.corelinesoft.com
45,(주)루트로닉,https://talliapp.com/image?num_images=87,의료기기 회사,311.0,1997-07-08,경기 고양시 덕양구 소원로 219 루트로닉센터,https://kr.lutronic.com
46,바이탈에어코리아(주),https://talliapp.com/image?num_images=89,의료기기 회사,217.0,2006-09-29,서울 송파구 충민로 10,https://kr.vitalaire.com
47,성남시정신건강복지센터,https://talliapp.com/image?num_images=93,공공기관,50.0,1999-03-18,경기 성남시 수정구 수정로 218,https://www.smhc.or.kr
48,(주)티몬,https://talliapp.com/image?num_images=102,스타트업,734.0,2010-03-31,서울 강남구 압구정로 118,http://corp.tmon.co.kr/
49,법률사무소해울,https://talliapp.com/image?num_images=103,중소기업,0.0,1990-04-02,"서울 서초구 서초대로 280, 7층",http://shinlaw.net
50,(주)유한양행,https://talliapp.com/image?num_images=104,중소기업,1938.0,1936-06-20,서울 동작구 노량진로 74,http://www.yuhan.co.kr
51,전라남도청,https://talliapp.com/image?num_images=106,공공기관,421.0,2023-02-15,전남 무안군 삼향읍 오룡길 1,http://jeonnam.go.kr
52,영진약품(주) ,https://talliapp.com/image?num_images=108,대기업,606.0,1952-06-29,서울 송파구 올림픽로35다길 13,http://www.yungjin.co.kr
53,현대엘리베이터(주),https://talliapp.com/image?num_images=110,대기업,2736.0,1984-05-23,충북 충주시 충주산단1로 128,http://www.hyundaielevator.co.kr
54,지에스건설(주),https://talliapp.com/image?num_images=263,대기업,5408.0,1969-12-19,서울 종로구 종로 33,http://www.gsenc.com
55,지피랩(주),https://talliapp.com/image?num_images=114,중소기업,28.0,2013-03-18,"서울 용산구 한강대로 92, 3층",https://zplab.co.kr/
57,(주)유라코퍼레이션,https://talliapp.com/image?num_images=117,대기업,1819.0,1993-09-22,경기 성남시 분당구 판교로 308,https://www.yuracorp.co.kr
58,아난티 힐튼 부산,https://talliapp.com/image?num_images=119,중소기업,270.0,2017-05-25,"부산 기장군 기장읍 기장해안로 268-32 (시랑리, 힐튼부산) 힐튼부산",https://ananti.kr/ko/busan
59,인바이츠바이오코아(주),https://talliapp.com/image?num_images=122,임상시험수탁기관,154.0,2001-05-30,"서울 금천구 디지털로9길 33, 8층",http://www.bio-core.com
60,(주)더블유메딕스,https://talliapp.com/image?num_images=125,의료기기 회사,14.0,2014-10-17,"경기 구리시 갈매중앙로 89-10, 7층",https://wmedix.com
61,(주)한화,https://talliapp.com/image?num_images=127,대기업,4668.0,1952-10-28,서울 중구 청계천로 86(장교동) 한화빌딩,http://www.hwenc.co.kr
62,두산건설(주),https://talliapp.com/image?num_images=128,대기업,1085.0,1976-04-07,서울 강남구 언주로 726 (논현동),https://www.doosanenc.com
63,(주)포스코건설,https://talliapp.com/image?num_images=129,대기업,6055.0,1982-02-02,경북 포항시 북구 중흥로 307,https://www.poscoenc.com
64,(주)케이비손해사정,https://talliapp.com/image?num_images=130,대기업,1270.0,2007-05-18,"서울 마포구 양화로 19, 20층",http://www.kbsonsa.com
65,리더스손해사정(주),https://talliapp.com/image?num_images=133,중소기업,498.0,2004-02-18,"부산 동구 중앙대로 262, 5층",http://web.leaderssac.co.kr
66,해성손해사정(주),https://talliapp.com/image?num_images=135,중소기업,481.0,2002-05-02,"서울 서대문구 경기대로 47, 2층",http://www.haesung2002.co.kr
67,하나손해보험(주),https://talliapp.com/image?num_images=136,보험회사,694.0,2002-10-11,"서울 종로구 창경궁로 117 (하나손해보험빌딩, 인의동)",https://www.hanainsure.co.kr
68,가톨릭대학교 성빈센트병원,https://talliapp.com/image?num_images=138,종합병원,1500.0,1967-06-03,경기 수원시 팔달구 중부대로 93(지동),https://www.cmcvincent.or.kr
69,(주)세나클소프트,https://talliapp.com/image?num_images=139,중소기업,56.0,2018-11-14,"서울 강남구 테헤란로44길 8, 6층",http://cenacle.com
70,한도산업보건센터(주),https://talliapp.com/image?num_images=141,중소기업,16.0,2020-06-16,"경기 시흥시 군자로 487번길 3, 301호",https://handohealth.com
71,ETRI부설 국가보안기술연구소,https://talliapp.com/image?num_images=143,공공기관,519.0,2000-01-01,대전 유성구 유성대로 1559,https://nsr.recruiter.co.kr
72,현대해상화재보험(주),https://talliapp.com/image?num_images=145,보험회사,3940.0,1955-03-08,"서울 종로구 세종대로 163, 현대해상빌딩(세종로)",https://www.hi.co.kr
73,대방건설(주),https://talliapp.com/image?num_images=147,대기업,769.0,1991-03-15,경기 고양시 일산동구 중앙로 1072,https://www.dbcons.co.kr
74,(주)심텍,https://talliapp.com/image?num_images=148,대기업,2938.0,2015-07-01,충북 청주시 흥덕구 산단로 73,http://www.simmtech.com
75,OCI(주),https://talliapp.com/image?num_images=150,대기업,1619.0,1974-07-01,서울 중구 소공로 94,https://www.oci.co.kr
76,에이치앤엠헤네스앤모리츠(주),https://talliapp.com/image?num_images=152,중소기업,1196.0,2009-06-23,"서울 강남구 영동대로 421, 9층",https://www2.hm.com
77,(주)푸드어셈블,https://talliapp.com/image?num_images=153,중소기업,83.0,2018-06-08,부산 기장군 장안읍 오리산단로 164,https://foodasb.co.kr
78,(주)보령,https://talliapp.com/image?num_images=155,제약회사,1454.0,1963-11-11,서울 종로구 창경궁로 136,https://boryung.co.kr
79,(주)휴이노,https://talliapp.com/image?num_images=157,의료기기 회사,67.0,2014-07-28,서울 강남구 압구정로79길 19 레인에비뉴 4층,https://www.huinno.com
80,현대위아(주),https://talliapp.com/image?num_images=159,대기업,2915.0,1976-03-29,경남 창원시 성산구 정동로 153,https://www.hyundai-wia.com
81,부산대학교산학협력단,https://talliapp.com/image?num_images=161,비영리법인,93.0,2004-01-13,부산 금정구 부산대학로63번길 2,https://sanhak.pusan.ac.kr
82,코스맥스엔비티(주),https://talliapp.com/image?num_images=162,중소기업,632.0,2001-12-28,"경기 성남시 분당구 판교로256번길 25, 제씨동 제601호",http://www.cosmaxnbt.com
83,쿠팡풀필먼트서비스(유),https://talliapp.com/image?num_images=164,대기업,19662.0,2016-11-28,"서울 송파구 송파대로 570, 8층",https://coupangfs.modoo.at
84,(주)케이알메딕스,https://talliapp.com/image?num_images=166,중소기업,25.0,2018-06-26,서울 강남구 테헤란로20길 20 삼정빌딩 2층,http://www.krmedics.com
85,한국유나이티드제약(주),https://talliapp.com/image?num_images=168,제약회사,854.0,1987-12-03,서울 강남구 논현로 121길 22,https://www.kup.co.kr
86,(주)메디헬프라인,https://talliapp.com/image?num_images=170,임상시험수탁기관,110.0,2003-11-19,"서울 중구 퇴계로 131, 10층",https://www.medihelpline.net
87,분당서울대학교병원,https://talliapp.com/image?num_images=172,대학병원,2598.0,2003-03-01,경기 성남시 분당구 구미로173번길 82,https://www.snubh.org
88,중앙대학교 광명병원,https://talliapp.com/image?num_images=173,대학병원,1000.0,2022-03-21,경기 광명시 덕안로 110,https://gh.cauhs.or.kr/home
89,(주)엘지에너지솔루션,https://talliapp.com/image?num_images=175,대기업,11078.0,2020-12-01,서울 영등포구 여의대로 108,https://www.lgensol.com
90,코오롱글로벌(주),https://talliapp.com/image?num_images=177,대기업,3473.0,1960-12-28,경기 과천시 코오롱로 11,http://www.kolonglobal.com
91,금호건설(주),https://talliapp.com/image?num_images=178,대기업,1179.0,1972-10-11,서울특별시 종로구 우정국로 26 센트로폴리스 A동,https://www.kumhoenc.com
92,(주)엘지유플러스,https://talliapp.com/image?num_images=179,대기업,10362.0,1996-07-11,서울 용산구 한강대로 32,https://www.lguplus.com
93,신세계건설(주),https://talliapp.com/image?num_images=180,대기업,857.0,1991-03-20,서울특별시 중구 소월로 10 단암타워 21층,https://www.shinsegae-enc.com
94,현대건설(주),https://talliapp.com/image?num_images=182,대기업,6817.0,1950-01-10,서울 종로구 율곡로 75 현대빌딩,https://www.hdec.kr
95,(주)퓨쳐켐,https://talliapp.com/image?num_images=183,제약회사,81.0,2001-08-01,서울 성동구 성수일로8길 59 평화빌딩 B동 3층 (성수동 2가),https://www.futurechem.co.kr
96,현대약품(주),https://talliapp.com/image?num_images=185,제약회사,378.0,1965-07-16,서울 강남구 봉은사로 135 현대약품 빌딩,http://www.hyundaipharm.co.kr
97,전남대학교병원,https://talliapp.com/image?num_images=187,대학병원,3739.0,1993-03-27,광주 동구 제봉로 42,https://www.cnuh.com
98,(주)티에스바이오,https://talliapp.com/image?num_images=188,제약회사,24.0,2017-08-17,서울시 구로구 디지털로272 한신아이티타워,http://tsvbio.com
99,세종충남대학교병원,https://talliapp.com/image?num_images=189,대학병원,1037.0,2020-07-16,세종특별자치시 보듬 7로 20 세종충남대학교병원,https://www.cnush.co.kr
100,수원여객운수(주),https://talliapp.com/image?num_images=191,중소기업,1002.0,1962-03-25,경기 수원시 장안구 창훈로60번길 36-2,http://www.suwonbus.com
101,(주)이월드,https://talliapp.com/image?num_images=192,대기업,270.0,2005-07-05,대구 달서구 두류공원로 200,https://eworld.kr/
102,롯데지알에스(주),https://talliapp.com/image?num_images=193,대기업,1505.0,1979-10-25,서울 금천구 벚꽃로 104 금천롯데타워,https://www.lottegrs.com
103,한양대학교 구리병원,https://talliapp.com/image?num_images=195,대학병원,998.0,1995-10-31,경기 구리시 경춘로 153,https://www.hyumc.com/guri
104,(주)보이노시스,https://talliapp.com/image?num_images=197,스타트업,10.0,2019-03-06,서울 성북구 종암로 18 서울바이오혁신커뮤니티센터 604호,https://www.voinosis.com
105,건양대학교병원,https://talliapp.com/image?num_images=199,대학병원,1500.0,2000-02-01,대전 서구 관저동로 158 건양대학교병원,https://www.kyuh.ac.kr
106,한국공항(주),https://talliapp.com/image?num_images=201,대기업,2613.0,1968-02-20,서울 강서구 양천로 13,https://www.kas.co.kr
107,(주)헬프트라이알,https://talliapp.com/image?num_images=203,임상시험수탁기관,24.0,2022-02-18,서울 구로구 디지털로27가길 17 오닉스타워 801호,http://helptrial.com
108,뉴로핏(주),https://talliapp.com/image?num_images=205,의료인공지능 회사,75.0,2016-03-14,"서울 강남구 테헤란로 124, 삼원타워 12층",https://www.neurophet.com
109,(주)페토바이오,https://talliapp.com/image?num_images=206,중소기업,10.0,2020-06-02,"경기 하남시 하남대로 947, 하남테크노밸리U1센터 A-1306",http://www.petobio.com
110,(주)엠바이오,https://talliapp.com/image?num_images=207,중소기업,50.0,2021-06-04,경기 성남시 중원구 둔촌대로 457번길 27,http://m-bio.co.kr
111,(주)에비드넷,https://talliapp.com/image?num_images=208,중소기업,76.0,2017-11-06,"경기 성남시 분당구 판교로 323, 5층",https://evidnet.com
112,영남대학교 영천병원,https://talliapp.com/image?num_images=212,대학병원,237.0,1999-10-15,경북 영천시 오수1길 10,https://yumc.ac.kr:8443/yc
113,부산고려병원,https://talliapp.com/image?num_images=211,종합병원,215.0,2002-04-01,부산 남구 수영로 238,https://www.koreah.co.kr
114,롯데정보통신(주),https://talliapp.com/image?num_images=213,대기업,2928.0,2017-11-02,서울 금천구 가산디지털2로 179,https://www.ldcc.co.kr
115,(주)돋봄이앤씨,https://talliapp.com/image?num_images=215,중소기업,12.0,2021-08-19,"세종 한누리대로 1962, 510호(소담동, 법조타운 B)",https://www.dodbom.co.kr
116,(사)한국발전인재개발원,https://talliapp.com/image?num_images=216,비영리법인,89.0,2002-01-02,대전 서구 구봉산북로94번길 77,https://www.kiphrd.co.kr
117,한국원자력의학원,https://talliapp.com/image?num_images=218,공공기관,1149.0,2007-03-27,서울 노원구 노원로 75 한국원자력의학원,https://www.kirams.re.kr
118,한국가스안전공사,https://talliapp.com/image?num_images=219,공공기관,1265.0,1974-01-11,충북 음성군 맹동면 원중로 1390 한국가스안전공사,https://www.kgs.or.kr
119,예산군청,https://talliapp.com/image?num_images=221,공공기관,253.0,1914-01-01,충남 예산군 예산읍 군청로 22,https://www.yesan.go.kr
120,(주)포스코이앤씨,https://talliapp.com/image?num_images=222,대기업,6149.0,1982-02-02,경북 포항시 북구 중흥로 307,https://www.poscoenc.com
121,디엘건설(주),https://talliapp.com/image?num_images=223,대기업,1873.0,1956-10-17,인천 남동구 미래로 14,http://www.dlconstruction.co.kr
122,(주)젬백스&카엘,https://talliapp.com/image?num_images=224,중소기업,160.0,1998-03-10,대전 유성구 테크노11로 58,http://www.gemvax.com/
123,국립암센터,https://talliapp.com/image?num_images=225,공공기관,1380.0,2000-03-22,경기 고양시 일산동구 일산로 323,https://ncc.re.kr
124,(주)컬리,https://talliapp.com/image?num_images=226,중소기업,2322.0,2014-12-31,"서울 강남구 테헤란로 133, 18층",https://www.kurly.com
125,(주)종근당,https://talliapp.com/image?num_images=239,중소기업,2381.0,1941-05-07,서울 서대문구 충정로 8,https://www.ckdpharm.com
126,(주)한국카본,https://talliapp.com/image?num_images=228,대기업,488.0,1984-09-17,경남 밀양시 부북면 춘화로 85,http://www.hcarbon.com
127,(주)제일비엠시,https://talliapp.com/image?num_images=229,중소기업,1146.0,1998-12-24,서울 서초구 논현로 171 (양재동) 제일빌딩,http://www.jeilbmc.co.kr
128,(주)대연,https://talliapp.com/image?num_images=231,중소기업,540.0,2009-03-16,인천 부평구 경인로 1119,https://www.daeyeon-retail.com
129,벡코씨알오(주),https://talliapp.com/image?num_images=234,임상시험수탁기관,15.0,2022-04-01,"서울 중구 남대문로9길 24, 507호",https://www.beccocro.com
130,(주)뉴라클사이언스,https://talliapp.com/image?num_images=235,중소기업,33.0,2015-10-01,"서울 성북구 안암로 145 고려대학교 자연계캠퍼스 산학관, 406호",http://www.neuracles.com
131,(주)디시젠,https://talliapp.com/image?num_images=236,중소기업,34.0,2017-06-01,서울 종로구 사직동 사직로 130 902호,https://www.dcgen.co.kr
132,넥시오랩,https://talliapp.com/image?num_images=238,중소기업,30.0,2005-08-08,"서울 금천구 가산디지털2로 14 (가산동, 대륭테크노타운12차 309호)",http://nexiolab.com
133,코오롱인더스트리(주),https://talliapp.com/image?num_images=240,대기업,4038.0,2010-01-05,서울 강서구 마곡동로 110,https://www.kolonindustries.com
134,비알코리아(주),https://talliapp.com/image?num_images=241,대기업,1875.0,1985-06-12,충북 음성군 삼성면 금일로 955-25,https://spc.recruiter.co.kr
135,(주)세방테크,https://talliapp.com/image?num_images=242,중소기업,175.0,1978-06-01,서울 송파구 법원로 128,http://www.sebangtec.co.kr
136,(주)하이텔레서비스,https://talliapp.com/image?num_images=243,대기업,1149.0,2009-12-29,"서울 강서구 마곡중앙5로 18, 3층 하이텔레서비스",http://www.hiteleservice.co.kr
137,에이치디씨현대산업개발(주),https://talliapp.com/image?num_images=244,대기업,1830.0,2018-05-02,"서울 용산구 한강대로 23길 55 HDC아이파크몰 8, 9층",https://www.hdc-dvp.com
138,한국교세라정공(주),https://talliapp.com/image?num_images=253,대기업,372.0,1998-10-01,인천 남동구 남동대로 215번길 11,https://www.kptk.co.kr
139,(주)삼구아이앤씨,https://talliapp.com/image?num_images=246,중소기업,13895.0,1976-05-03,"서울 중구 청계천로 100, 시그니처타워 동관 6층",https://www.samkoo.com
140,경희의료원,https://talliapp.com/image?num_images=247,대학병원,2500.0,1971-10-05,서울 동대문구 경희대로 23 (회기동),https://www.khmc.or.kr
141,첨단종합병원,https://talliapp.com/image?num_images=249,종합병원,306.0,2002-11-17,광주 광산구 첨단중앙로 170번길 59,http://www.cheomdanhosp.co.kr
142,(주)메디팁,https://talliapp.com/image?num_images=251,중소기업,29.0,2006-12-28,"서울 강남구 개포로 619, 10층(개포동, 서울강남우체국빌딩)",http://www.meditip.co.kr
143,(주)SPC삼립,https://talliapp.com/image?num_images=255,중소기업,2986.0,1968-06-29,서울 서초구 남부순환로 2620,https://spcsamlip.co.kr
144,남양넥스모(주),https://talliapp.com/image?num_images=256,중소기업,854.0,1977-11-29,경기 안산시 단원구 목내로 150,https://www.nynexmo.com
145,(주)경동나비엔,https://talliapp.com/image?num_images=257,중소기업,1492.0,1978-04-30,"서울 영등포구 국회대로76길 22, 3~7층 (여의도동, 한국기계산업진흥회 신관)",https://www.kdnavien.co.kr
146,성일하이텍(주),https://talliapp.com/image?num_images=262,중소기업,405.0,2017-03-24,전북 군산시 군산산단로 143-12,https://www.sungeelht.com
147,(주)디엔오토모티브,https://talliapp.com/image?num_images=259,중소기업,1136.0,1971-06-23,경남 양산시 산막공단북11길 103,https://vms.dnautomotive.com
148,(주)엘오티티에스,https://talliapp.com/image?num_images=260,중소기업,66.0,2021-09-01,경기 안성시 공단1로 68,https://www.lotvacuum.com
149,에버엑스(주),https://talliapp.com/image?num_images=264,중소기업,34.0,2019-08-12,"서울 서초구 서리풀길 29-7, 2층",https://everex.kr
150,(주)에버트라이,https://talliapp.com/image?num_images=265,중소기업,12.0,2022-06-08,"서울 서대문구 연세로 50-1, 2층",https://www.evertri.com
151,(주)코랩,https://talliapp.com/image?num_images=266,중소기업,9.0,2020-01-01,광주 동구 동계천로 150 I-PLEX 광주,http://www.kolabcro.com
152,미라셀(주),https://talliapp.com/image?num_images=267,중소기업,32.0,2009-10-12,서울 강남구 언주로 413 (역삼동 721-36) 태현빌딩 6층,http://www.miracell.co.kr
153,(주)씨씨앤아이리서치,https://talliapp.com/image?num_images=268,임상시험수탁기관,15.0,2015-07-23,"서울 서대문구 연세로 50, 공학원 248호",http://www.ccnires.com
154,가톨릭대학교 인천성모병원,https://talliapp.com/image?num_images=269,대학병원,2723.0,1955-06-27,인천 부평구 동수로 56 (부평동),https://www.cmcism.or.kr
155,(주)디오,https://talliapp.com/image?num_images=272,중소기업,485.0,1988-01-25,부산 해운대구 센텀서로 66,http://www.dio.co.kr
156,한솔아이원스(주),https://talliapp.com/image?num_images=273,중소기업,580.0,2005-07-25,경기 안성시 고삼면 안성대로 2061,http://www.hansoliones.co.kr
157,(주)에이치제이중공업,https://talliapp.com/image?num_images=275,대기업,2054.0,2007-08-03,부산 영도구 태종로 233,https://www.hjsc.co.kr
158,윌로펌프(주),https://talliapp.com/image?num_images=276,중소기업,313.0,2000-12-19,부산 강서구 미음산단1로 46,https://wilo.com/kr/ko
159,SGC이테크건설(주),https://talliapp.com/image?num_images=277,대기업,1022.0,1982-09-14,서울 서초구 양재대로 246,https://www.sgcetec.co.kr
160,(주)선진운수,https://talliapp.com/image?num_images=278,중소기업,836.0,1971-04-30,서울 은평구 서오릉로 207,http://www.sunjinwoonsu.co.kr
161,쿠팡로지스틱스서비스(유),https://talliapp.com/image?num_images=279,대기업,9493.0,2018-05-23,"서울 강남구 광평로 280, 7층",https://www.coupangls.com
162,롯데건설(주),https://talliapp.com/image?num_images=280,대기업,3851.0,1959-02-03,서울 서초구 잠원로14길 29,https://www.lottecon.co.kr
163,(주)두손건설,https://talliapp.com/image?num_images=281,중소기업,20.0,1999-01-12,"인천 연수구 벚꽃로 106, 6층",http://www.edooson.co.kr
164,(주)바이넥스,https://talliapp.com/image?num_images=282,중소기업,582.0,1985-03-20,부산 사하구 다대로 368-3,https://www.bi-nex.com
165,(주)시지바이오,https://talliapp.com/image?num_images=283,중소기업,306.0,2006-01-18,"서울 용산구 이태원로 211, 3층",https://www.cgbio.co.kr
166,에이치엘디앤아이한라(주),https://talliapp.com/image?num_images=285,대기업,1139.0,1980-05-02,서울 송파구 올림픽로 289,https://www.hldni.com
167,제일건설(주),https://talliapp.com/image?num_images=286,중소기업,582.0,1978-04-01,광주 동구 천변우로 339 제일오피스텔 18층,http://www.e-jeil.co.kr
168,금강종합건설(주),https://talliapp.com/image?num_images=287,중소기업,130.0,1996-05-18,"경기 용인시 수지구 현암로 144, 503호",http://www.kumgangapt.co.kr
169,삼환기업(주),https://talliapp.com/image?num_images=288,대기업,289.0,1952-09-03,"서울 강남구 언주로 547, 13층",http://www.samwhan.co.kr
170,(주)에스엠티바이오,https://talliapp.com/image?num_images=289,중소기업,18.0,2015-04-03,서울 금천구 가산디지털1로 181,http://www.smtbio.co.kr
171,(사)대한항암요법연구회,https://talliapp.com/image?num_images=290,비영리법인,49.0,2016-12-29,서울 성동구 아차산로 49,https://www.kcsg.org
172,오라클피부임상시험센터(주),https://talliapp.com/image?num_images=292,중소기업,10.0,2019-11-18,"서울 강남구 봉은사로 326 7층 (역삼동, 남전빌딩)",http://oracleskintest.com
173,이피에스인터내셔널코리아(주),https://talliapp.com/image?num_images=294,임상시험수탁기관,17.0,2011-04-01,서울 성동구 성수일로8길 5,http://www.epsik.co.kr
174,(주)쉰들러엘리베이터,https://talliapp.com/image?num_images=295,대기업,340.0,2003-03-03,경기 시흥시 엠티브이북로 313,https://kr.schindler.com
175,미성엠프로(주),https://talliapp.com/image?num_images=296,중소기업,2480.0,1990-01-11,서울 영등포구 당산로 118,http://www.misungmpro.com
176,혜림건설(주),https://talliapp.com/image?num_images=297,중소기업,210.0,2008-04-01,"광주 서구 운천로 273, 5층",http://www.moa21.co.kr
177,(주)제이브이엠,https://talliapp.com/image?num_images=298,중소기업,328.0,1996-10-12,대구 달서구 호산동로 121,https://www.myjvm.com
178,한국건강관리협회(사),https://talliapp.com/image?num_images=299,중소기업,178.0,1964-04-21,서울 강서구 화곡로 372,https://www.kahp.or.kr
179,쌍용건설(주),https://talliapp.com/image?num_images=300,대기업,1230.0,1977-10-18,서울 송파구 올림픽로 299,https://www.ssyenc.co.kr
180,호텔에이치디씨(주),https://talliapp.com/image?num_images=301,대기업,601.0,2005-02-25,서울 강남구 테헤란로 606,http://www.hdc-hotel.com
181,(주)바디프랜드,https://talliapp.com/image?num_images=302,대기업,1466.0,2007-03-06,서울 강남구 양재천로 163,https://www.bodyfriend.co.kr
182,(주)카카오,https://talliapp.com/image?num_images=303,대기업,3901.0,1995-02-16,제주 제주시 첨단로 242,https://www.kakaocorp.com
183,(주)에이슬립,https://talliapp.com/image?num_images=304,의료인공지능 회사,70.0,2020-06-19,"서울 강남구 테헤란로 420, 웨스트 19층",https://www.asleep.ai
184,(주)한국의약연구소,https://talliapp.com/image?num_images=305,중소기업,76.0,2010-06-07,"경기 성남시 중원구 갈마치로 302, B동 8층",http://www.kmri.co.kr
185,(주)제이엘케이,https://talliapp.com/image?num_images=306,의료인공지능 회사,71.0,2014-02-14,"서울 강남구 테헤란로 33길 5, 제이엘케이타워",https://jlkgroup.com
186,새희망요양병원,,요양병원,,,광주 남구 효우1로 12,
187,다나아동의원,https://talliapp.com/image?num_images=312,의원,45.0,2015-02-10,경남 창원시 진해구 진해대로1026번길 4,
188,(주)중앙안전보건연구원,https://talliapp.com/image?num_images=313,중소기업,30.0,2006-09-07,"경기 평택시 도일유통길 13-11, 2층",http://www.jungangsh.com
189,(주)구영테크,https://talliapp.com/image?num_images=314,중소기업,280.0,1989-11-09,대구 달성군 구지면 국가산단대로39길 119,http://www.guyoungtech.com
190,(주)한성피앤아이,https://talliapp.com/image?num_images=315,중소기업,197.0,1994-08-04,대구 달서구 성서공단남로10길 13,http://www.hsprint.com
191,히어로손해사정(주),https://talliapp.com/image?num_images=316,대기업,168.0,2022-02-18,"서울 중구 세종대로 17, 와이즈타워 19층",https://herosonsa.co.kr
192,서울특별시 보라매병원,https://talliapp.com/image?num_images=317,종합병원,,,서울 동작구 보라매로5길 20,https://www.brmh.org
193,웰마커바이오(주),https://talliapp.com/image?num_images=318,중소기업,63.0,2016-12-22,"서울 송파구 송파대로 155, 7층",http://www.wmbio.co/kr
194,(주)프리클리나,https://talliapp.com/image?num_images=340,임상시험수탁기관,12.0,2018-11-21,"인천 연수구 송도과학로 32, 3003호",https://www.preclina.com
195,(주)디티앤씨알오,https://talliapp.com/image?num_images=320,임상시험수탁기관,248.0,2017-04-03,경기 용인시 처인구 백령로 20번길 28,http://www.dtncro.com
196,(주)용인서울산업보건연구원,https://talliapp.com/image?num_images=322,중소기업,22.0,2006-01-01,경기 용인시 처인구 한터로 38,http://ysihi.co.kr
197,(주)심유,https://talliapp.com/image?num_images=323,임상시험수탁기관,28.0,2009-11-20,서울 용산구 한남동 794-4 청암 빌딩 2층,http://www.symyoo.co.kr
198,대구가톨릭대학교 산학협력단,https://talliapp.com/image?num_images=324,비영리법인,426.0,2004-04-06,경북 경산시 하양읍 하양로 13-13,https://iacf.cu.ac.kr
199,금광기업(주),https://talliapp.com/image?num_images=325,중소기업,185.0,1957-02-22,전남 화순군 화순읍 충의로 85-1,https://www.gumgwang.co.kr
200,(주)원진,https://talliapp.com/image?num_images=326,중소기업,151.0,1988-03-29,충북 진천군 진천읍 금사로 16,https://www.onegene.com
201,이수건설(주),https://talliapp.com/image?num_images=339,중소기업,313.0,1976-09-07,서울 서초구 사평대로 84,https://const.isu.co.kr
202,(주)아이이에스에이치솔루션,,중소기업,10.0,2013-09-17,경북 구미시 1공단로 212,http://iesh.co.kr
203,(주)젠큐릭스,https://talliapp.com/image?num_images=328,스타트업,79.0,2011-09-21,"서울 구로구 디지털로 243, 15층",https://www.gencurix.com
204,이화여자대학교 목동병원,https://talliapp.com/image?num_images=337,대학병원,,1993-09-09,서울 양천구 안양천로 1071,https://mokdong.eumc.ac.kr
205,(주)금강고속,https://talliapp.com/image?num_images=331,중소기업,443.0,1952-06-06,경기 구리시 아차산로487번길 34,https://kumkangexpress.com
206,창조산업보건센터(주),https://talliapp.com/image?num_images=336,중소기업,,,서울 서초구 매헌로 31-3 백림빌딩 302호,http://xn--z69ax62a6xccqak5pbneu7h13k.com
207,나사렛국제병원,https://talliapp.com/image?num_images=334,종합병원,,1993-11-11,인천광역시 연수구 먼우금로 98,https://www.nasaret.co.kr
208,지니손해사정(주),https://talliapp.com/image?num_images=335,중소기업,24.0,2019-01-25,"서울 영등포구 경인로 775, 1동 416호 (에이스하이테크시티)",http://genielossadjuster.com
209,(주)메디칼엑셀런스,https://talliapp.com/image?num_images=341,중소기업,40.0,2006-06-05,서울 서초구 반포대로 222,http://www.mediex.co.kr
210,(주)인투인월드,https://talliapp.com/image?num_images=342,임상시험수탁기관,,2015-10-20,"서울 강남구 선릉로90길 40, 9층",http://www.intoinworld.com
211,것앤스킨(주),https://talliapp.com/image?num_images=343,스타트업,,2022-10-01,서울 종로구 대학로 103,http://gutnskin.com
212,(주)엠투커뮤니티,https://talliapp.com/image?num_images=358,중소기업,23.0,2011-12-06,"서울 성동구 성수이로 66, 807호",http://m2community.co.kr
213,(주)태왕이앤씨,https://talliapp.com/image?num_images=346,중소기업,264.0,2010-09-24,대구 중구 중앙대로 403,http://xn--h50bz74at1bg5a8y4a.com
214,(사)대한산업보건협회,https://talliapp.com/image?num_images=347,비영리법인,1868.0,1987-12-26,서울 서초구 효령로 179,http://kiha21.or.kr
215,메트로 요양병원,https://talliapp.com/image?num_images=348,요양병원,,2019-02-19,경남 창원시 진해구 용원로 37,http://www.metrosilver.kr
216,주식회사 써지쿨,https://talliapp.com/image?num_images=349,의료기기 회사,25.0,2009-01-01,서울 강남구 봉은사로 437 소암빌딩 4층,https://www.surgecool.com
217,(의)한마음의료재단하나병원,https://talliapp.com/image?num_images=350,종합병원,,1995-04-07,충북 청주시 흥덕구 2순환로 1262,https://www.cjhana.co.kr
218,전북대학교병원 의생명연구원,https://talliapp.com/image?num_images=351,비영리법인,,,전북 전주시 덕진구 건지로 20 전북대학교병원(금암동),https://bri.jbuh.co.kr
219,순천향대학교 부속 천안병원,https://talliapp.com/image?num_images=352,대학병원,2050.0,1982-01-01,충남 천안시 동남구 순천향6길 31,https://www.schmc.ac.kr
220,(주)하나텍시스템,https://talliapp.com/image?num_images=353,스타트업,79.0,2010-01-06,"경기 광명시 하안로 60 D동 1412호(소하동, 광명테크노파크)",https://hanatek.co.kr
221,(주)우진산업보건연구원,https://talliapp.com/image?num_images=354,중소기업,,2015-07-28,경기 오산시 경기대로636번길 37,http://woojinihc.co.kr
222,(의)나래의료재단,https://talliapp.com/image?num_images=355,종합병원,102.0,2011-08-12,경기 안양시 동안구 흥안대로 516,https://www.naraemedic.com
223,(주)엠손해사정,https://talliapp.com/image?num_images=356,중소기업,,2014-09-05,서울 영등포구 양산로 91,
224,(의)영훈의료재단 유성선병원,https://talliapp.com/image?num_images=357,종합병원,,1989-02-10,대전 유성구 북유성대로 93,https://www.yuseongsunhospital.com
225,(주)동아지질,https://talliapp.com/image?num_images=359,중소기업,301.0,1973-11-30,부산 금정구 금샘로 347,http://dage.co.kr
226,(주)우창건설,,중소기업,102.0,1994-10-25,"경기 부천시 길주로 243, 305호",http://www.wccnt.co.kr
227,다나여성병원,https://talliapp.com/image?num_images=382,병원,,,충북 청주시 청원구 충청대로 179,https://w-dana.com
228,(주)휴톰,https://talliapp.com/image?num_images=361,중소기업,,,서울 마포구 독막로 279 상장회사회관 6층,https://www.hutom.io
229,평화홀딩스(주),https://talliapp.com/image?num_images=363,중소기업,83.0,1975-08-08,대구 달성군 논공읍 논공로 597,http://www.phhc.co.kr
230,(주)영도종합건설,https://talliapp.com/image?num_images=365,중소기업,27.0,1992-04-30,"제주 제주시 고마로 108-1, 102동 2층",
231,(주)덕성하이텍,https://talliapp.com/image?num_images=366,중소기업,130.0,1985-07-29,서울 송파구 석촌호수로 296,http://www.ducksunghitech.com
232,(주)한국안전보건교육센터,https://talliapp.com/image?num_images=367,중소기업,,,서울 중랑구 망우로 377 성환빌딩 3층,http://kshec.net
233,뉴대성병원,https://talliapp.com/image?num_images=368,종합병원,,,경기 부천시 부흥로373번길 18 뉴대성병원,http://dssmc.co.kr
234,(주)국제손해사정,https://talliapp.com/image?num_images=369,중소기업,673.0,1985-07-01,"서울 중구 통일로 86, 801호",http://www.iasco.co.kr
235,한림대학교 성신병원,https://talliapp.com/image?num_images=370,대학병원,,1999-03-06,경기 안양시 동안구 관평로170번길 22,https://hallym.hallym.or.kr
236,(재)자생의료재단,https://talliapp.com/image?num_images=371,비영리법인,878.0,2000-01-11,서울 강남구 강남대로 540,https://www.jaseng.org
237,에이원심사손해사정(주),https://talliapp.com/image?num_images=372,중소기업,559.0,2021-01-08,"대전 중구 중앙로 76, 3층",http://aoneis.homepage.whois.co.kr
238,능원금속공업(주),https://talliapp.com/image?num_images=373,중소기업,406.0,1996-04-30,경기 양주시 은현면 그루고개로 366,http://www.nwmmetal.com
239,(주)다원시스,https://talliapp.com/image?num_images=374,중소기업,718.0,1996-01-09,경기 안산시 단원구 시화호수로 485,https://www.dawonsys.com
240,다산기공(주),https://talliapp.com/image?num_images=377,중소기업,393.0,2005-06-08,전북 완주군 봉동읍 테크노밸리2로 17,http://www.da-san.co.kr
241,(주)코넥,https://talliapp.com/image?num_images=378,중소기업,269.0,2003-04-03,충남 서산시 고북면 고수관로 62,http://www.konecauto.com
242,(주)에스에프에이,https://talliapp.com/image?num_images=379,대기업,707.0,1998-12-18,경기 화성시 동탄순환대로29길 25,https://www.sfa.co.kr
243,명은병원,https://talliapp.com/image?num_images=380,병원,55.0,,부산 연제구 월드컵대로 184,http://www.myungeun.co.kr
244,계명대학교 동산병원,https://talliapp.com/image?num_images=384,대학병원,3684.0,,대구 달서구 달구벌대로 1035,https://dongsan.dsmc.or.kr
245,울산대학교 산학협력단,https://talliapp.com/image?num_images=385,비영리법인,432.0,2004-03-23,울산 남구 대학로 93,https://www.ulsan.ac.kr
246,(주)팬직,https://talliapp.com/image?num_images=386,중소기업,75.0,1998-11-27,경기 화성시 장안면 3.1만세로 382-7,http://www.fanzic.com
247,SRC재활병원,https://talliapp.com/image?num_images=387,병원,,,경기 광주시 초월읍 경수길 25,http://srchospital.com
248,(주)한국데리카후레쉬,https://talliapp.com/image?num_images=388,중소기업,128.0,2012-02-15,경기 이천시 신둔면 황무로579번길 40-9,
249,(재)한국의학연구소,https://talliapp.com/image?num_images=390,비영리법인,1867.0,1985-10-29,서울 중구 남대문로 117,https://www.kmi.or.kr
250,(주)비비인스,,중소기업,9.0,2019-07-05,"대구 서구 서대구로 3, 6층",
251,(주)새롬손해사정,,중소기업,,,"광주 동구 금남로 181, 602호",
252,메디람한방병원,https://talliapp.com/image?num_images=391,병원,,2019-06-15,서울 마포구 양화로 119,https://medi-am.co.kr
253,대전을지대학교병원,https://talliapp.com/image?num_images=393,대학병원,,,대전 서구 둔산서로 95(둔산동),https://www.emc.ac.kr
254,나움병원,https://talliapp.com/image?num_images=394,병원,,,"인천 서구 청라에메랄드로 99, 5층",http://www.naumhospital.com
255,활명한방병원,https://talliapp.com/image?num_images=395,병원,,,서울 서대문구 수색로 102,http://sdm.hwalmyeong.co.kr
256,(주)라이프시맨틱스,https://talliapp.com/image?num_images=397,중소기업,53.0,2012-09-26,서울 강남구 언주로 533,https://lifesemantics.kr
257,(주)엘리드,https://talliapp.com/image?num_images=399,중소기업,50.0,2001-02-15,"경기 성남시 분당구 황새울로 325, 8층",http://www.ellead.com
258,(주)가야이에스씨,https://talliapp.com/image?num_images=400,중소기업,69.0,2008-02-14,경남 창녕군 대합면 도개길 59,http://www.gayaesc.com
259,온종합병원,https://talliapp.com/image?num_images=401,종합병원,,2010-04-01,부산 부산진구 가야대로 721,https://onhospital.org/page_mDAb15
260,동국대학교 일산병원,https://talliapp.com/image?num_images=404,대학병원,,,경기 고양시 일산동구 동국로 27,http://www.dumc.or.kr
261,진손해사정(주),https://talliapp.com/image?num_images=405,중소기업,155.0,2013-09-04,"서울 영등포구 양산로 53, 1008호",
262,주식회사 메디크로,https://talliapp.com/image?num_images=406,임상시험수탁기관,,2022-09-01,"경기 안양시 동안구 시민대로 230, B동 701호 (관양동, 평촌아크로타워)",http://www.medicro.co.kr
263,한국경남태양유전(주),https://talliapp.com/image?num_images=407,대기업,858.0,,경남 사천시 사남면 외국기업로 82,https://www.ty-top.com
264,(주)삼신,https://talliapp.com/image?num_images=408,중소기업,28.0,,경북 포항시 북구 청하면 용산길 196,https://www.samshineng.com
265,(주)에스에스케이,https://talliapp.com/image?num_images=409,중소기업,22.0,2018-07-03,충북 음성군 원남면 원남산단로 72,https://www.itsmemall.co.kr
266,씨제이대한통운(주),https://talliapp.com/image?num_images=410,대기업,6882.0,1930-11-19,서울 종로구 종로5길 7,https://www.cjlogistics.com
267,부산광역시 광역치매센터,https://talliapp.com/image?num_images=413,비영리법인,10.0,2013-11-01,부산 서구 대신공원로 26 동아대학교병원 서관 10층,https://busan.nid.or.kr
268,(주)리채,,중소기업,58.0,2013-06-05,광주 북구 첨단연신로 45,
269,케이지스틸(주),https://talliapp.com/image?num_images=415,대기업,1114.0,1982-10-27,"서울 중구 통일로 92, 5층",https://www.kg-steel.co.kr
270,(주)서울에프엔비,https://talliapp.com/image?num_images=416,스타트업,455.0,2007-01-02,강원 횡성군 공근면 아이티밸리길 36,https://www.seoulfnb.com
271,(주)이테크건설산업,https://talliapp.com/image?num_images=417,중소기업,82.0,2014-02-24,"서울 강남구 영동대로 638, 6층 602호",http://etechconst.co.kr
272,현대아이에프씨(주),https://talliapp.com/image?num_images=418,대기업,52.0,2020-04-03,전남 순천시 해룡면 율촌산단5로 46,https://www.hyundai-ifc.com
273,(주)한국이에이치에스연구소,https://talliapp.com/image?num_images=419,중소기업,48.0,2016-11-16,경기 안산시 상록구 해양3로 15,http://kehs.kr
274,(주)태웅메디칼,https://talliapp.com/image?num_images=420,중소기업,293.0,1992-10-20,경기 김포시 월곶면 고정로 14,http://www.taewoongmedical.com
275,에이디엠코리아(주),https://talliapp.com/image?num_images=421,중소기업,185.0,2003-10-31,"서울 종로구 새문안로5길 19, 7층 711호",http://www.admkorea.co.kr
276,울산대학교병원,https://talliapp.com/image?num_images=422,대학병원,,1975-10-01,"울산 동구 대학병원로 25 (전하동, 울산대학교병원)",https://www.uuh.ulsan.kr
277,(주)오리온,https://talliapp.com/image?num_images=423,중소기업,1409.0,2017-06-01,서울 용산구 백범로90다길 13,https://www.orionworld.com
278,화순전남대학교병원 의생명연구원,https://talliapp.com/image?num_images=424,비영리법인,,,전남 화순군 화순읍 서양로 322,https://www.cnuhh.com/hbri/main.cs
279,(주)강스템바이오텍,https://talliapp.com/image?num_images=425,중소기업,,2010-10-29,"서울 강남구 테헤란로 512, 17층",http://www.kangstem.com
280,(주)베스트원,https://talliapp.com/image?num_images=426,중소기업,88.0,2017-04-03,"경기 평택시 경기대로 945, B201호",https://ppohome.com
281,대주중공업(주),https://talliapp.com/image?num_images=427,중소기업,914.0,1988-08-01,인천광역시 중구 신포로 4 대주빌딩,http://www.daejooheavy.com
282,대산의료재단 익산병원,https://talliapp.com/image?num_images=428,종합병원,,,전북 익산시 무왕로 969,http://www.iksanhp.com
283,(주)메가젠임플란트,https://talliapp.com/image?num_images=429,중소기업,651.0,2002-01-03,대구 달성군 다사읍 세천로7길 45,https://imegagen.com
284,안성성모병원,https://talliapp.com/image?num_images=431,종합병원,,,경기 안성시 시장길 58(서인동),http://ansmc.co.kr/sm2018
285,토탈손해사정(주),,중소기업,150.0,2013-02-22,서울 영등포구 양산로 57-5,
286,인제대학교 일산백병원,https://talliapp.com/image?num_images=434,대학병원,,,경기 고양시 일산서구 주화로 170,https://www.paik.ac.kr/ilsan
287,경기산업보건센타(주),,중소기업,41.0,2004-07-07,https://kihc.modoo.at/,https://kihc.modoo.at
288,세종화재해상자동차손해사정(주),https://talliapp.com/image?num_images=435,중소기업,162.0,,서울 종로구 세종대로23길 54,
289,(주)더웨이헬스케어,https://talliapp.com/image?num_images=436,중소기업,45.0,2012-09-15,서울 서초구 서초대로 320 K-Tower 5층,https://www.theway-hc.co.kr
290,삼일제약(주),https://talliapp.com/image?num_images=438,제약회사,535.0,1947-10-07,서울 서초구 효령로 155,http://www.samil-pharm.com
291,순천향대학교 부속 서울병원,https://talliapp.com/image?num_images=439,대학병원,,,서울 용산구 대사관로 59,https://www.schmc.ac.kr/seoul
292,(주)뉴트라코어,https://talliapp.com/image?num_images=440,중소기업,,2018-07-26,경기 수원시 영통구 법조로25 A동 3206-3208호,http://www.nutracore.co.kr
293,김포참조은내과의원,https://talliapp.com/image?num_images=441,의원,,,경기 김포시 양촌읍 양곡2로 50 아름터프라자 3층,http://www.gpbestclinics.com
294,진요양병원,https://talliapp.com/image?num_images=442,요양병원,,,경기 포천시 소흘읍 송우로 80,http://www.jinhosp.com
295,의료법인 서명의료재단,https://talliapp.com/image?num_images=443,종합병원,,2003-08-25,경북 경산시 경안로 208,http://www.smhospital.kr
296,비에스종합병원,https://talliapp.com/image?num_images=444,종합병원,268.0,2018-11-06,인천 강화군 강화읍 충렬사로 31,http://bs.ibsh.kr
297,(의)갈렌의료재단,,종합병원,,,경기 평택시 송탄로 33,https://www.parkmedical.co.kr
298,W병원,https://talliapp.com/image?num_images=445,종합병원,,,대구 달서구 달구벌대로 1632,https://www.w-hospital.co.kr
299,(유)테일러메이드골프볼코리아,https://talliapp.com/image?num_images=446,중소기업,213.0,1971-10-05,충북 청주시 흥덕구 공단로98번길 97,
300,(주)자이언트스텝,https://talliapp.com/image?num_images=448,중소기업,,,서울 강남구 학동로37길 8,https://www.giantstep.co.kr
301,화성산업(주),https://talliapp.com/image?num_images=449,중소기업,396.0,1958-09-01,대구 수성구 동대구로 111,http://www.hwasung.com
302,파인건설(주),https://talliapp.com/image?num_images=450,중소기업,160.0,2008-03-11,대전 서구 둔산남로105번길 27,http://www.fineconst.co.kr
303,공주대학교 산학협력단,https://talliapp.com/image?num_images=451,비영리법인,54.0,2004-03-22,충남 공주시 공주대학로 56,https://sanhak.kongju.ac.kr
304,(주)동화뉴텍,https://talliapp.com/image?num_images=452,중소기업,118.0,2002-11-05,부산 강서구 미음산단로8번길 75,http://www.dhkomp.co.kr
305,(의)인당의료재단 부민병원,https://talliapp.com/image?num_images=453,종합병원,,1989-11-01,부산 북구 덕천1동 380-4,https://bumin.co.kr/busan
306,동광종합토건(주),https://talliapp.com/image?num_images=454,중소기업,64.0,1985-06-18,서울 강서구 강서로 406,https://www.idonggwang.co.kr
307,아시아첨가제(주),https://talliapp.com/image?num_images=455,중소기업,96.0,1996-04-24,경기 평택시 세교산단로22번길 21,http://ascl.co.kr
308,상진기업(주),https://talliapp.com/image?num_images=456,중소기업,71.0,1985-05-22,경기 안성시 공단1로 122,
309,(주)협성종합건업,https://talliapp.com/image?num_images=457,중소기업,63.0,1985-03-23,부산 동구 중앙대로 360,http://www.withhs.com
310,(주)서진건설,https://talliapp.com/image?num_images=458,중소기업,46.0,1995-07-26,전남 담양군 금성면 금성산성길 71,http://www.seojinenc.kr
311,쿠팡(주),https://talliapp.com/image?num_images=459,대기업,19388.0,2013-02-15,"서울 송파구 송파대로 570, 18층",https://www.coupang.com
312,(주)유니락,https://talliapp.com/image?num_images=460,중소기업,237.0,1996-07-03,경기 안산시 단원구 시화호수로 937,http://unilok.com/ko/home-kr
313,(재)록원바이오융합연구재단,https://talliapp.com/image?num_images=462,비영리법인,,,"서울 구로구 디지털로242, 9층",http://logone.org
314,중앙대학교병원,https://talliapp.com/image?num_images=463,대학병원,,1968-06-10,서울 동작구 흑석로 102,https://ch.cauhs.or.kr
315,경상국립대학교 산학협력단,https://talliapp.com/image?num_images=464,비영리법인,,,경남 진주시 진주대로 501,https://www.gnu.ac.kr/research/main.do
316,(주)도프,https://talliapp.com/image?num_images=465,중소기업,,,경기 화성시 동탄 순환대로 830,https://www.biodof.com
317,국가임상시험지원재단,https://talliapp.com/image?num_images=466,비영리법인,,2014-04-09,"서울 마포구 마포대로 137, 15층",https://www.konect.or.kr
318,(주)바이오인프라,https://talliapp.com/image?num_images=467,임상시험수탁기관,103.0,2007-05-23,경기 용인시 기흥구 흥덕중앙로 120,http://www.bioinfrakorea.co.kr
319,(주)플코스킨,https://talliapp.com/image?num_images=468,중소기업,,2017-02-03,서울 서대문구 성산로 519 (대신동) 대신빌딩,https://www.plcoskin.com
320,(주)에이투젠,https://talliapp.com/image?num_images=470,중소기업,29.0,2010-12-21,"대전 유성구 테크노1로 11-8, 201호",http://www.atogen.kr
321,(주)휴사이언스,https://talliapp.com/image?num_images=472,중소기업,,,경기 광명시 소하로 190 광명G타워 331호,http://www.huscience.net
322,한길안과병원,https://talliapp.com/image?num_images=473,병원,184.0,,인천 부평구 부평대로 35,https://hangileye.co.kr
323,(주)아성프라텍,https://talliapp.com/image?num_images=474,중소기업,227.0,1988-12-20,경기 화성시 우정읍 한말길 38-6,http://www.asung.co.kr
324,그린테크(주),https://talliapp.com/image?num_images=475,스타트업,131.0,2000-02-16,광주 광산구 평동산단3번로 149,https://greentech.or.kr
325,연세마두병원,https://talliapp.com/image?num_images=476,병원,,,"서울 서초구 효령로 164, 6동 1303호",http://yonseimadu.com
326,케이엠손해사정(주),https://talliapp.com/image?num_images=477,중소기업,216.0,2004-05-20,"서울 영등포구 당산로41길 11, 504호",
327,(주)온코마스터,https://talliapp.com/image?num_images=478,중소기업,9.0,2022-01-25,서울 동대문구 회기로 117-3 (회기동) 서울바이오허브 산업지원동 305호,https://www.oncomaster.co.kr
328,고려대학교 안산병원,https://talliapp.com/image?num_images=479,대학병원,,1985-04-13,경기 안산시 단원구 적금로 123 고려대학병원,https://ansan.kumc.or.kr
329,(주)대한안전교육원,,중소기업,,2018-02-23,대구 수성구 고산로 98 5층,https://daehan053.modoo.at
330,(재)한국마이크로의료로봇연구원,https://talliapp.com/image?num_images=481,중소기업,44.0,2019-01-24,"광주 북구 첨단과기로208번길 43-26, 305호",https://www.kimiro.re.kr
331,인천참사랑병원,https://talliapp.com/image?num_images=482,병원,,,인천 서구 원창로 240번길 9,http://www.clh.co.kr
332,울산엘리야병원,https://talliapp.com/image?num_images=483,종합병원,,,울산 북구 호계로 285,https://ulsanelijahhospital.com
